setting,disabled_group,dev_micro_f1,f1_drop
All features,,0.7863372093023255,0.0
Without group A,A,0.6746806912096168,0.11165651809270871
Without group B,B,0.8115523465703971,-0.025215137268071564
Without group F,F,0.7688953488372093,0.0174418604651162
Without group G,G,0.7934705464868701,-0.007133337184544564
